model,mean_acc,mean_emissions,runs,efficiency
cnn,0.8583296296296297,0.0001772792765658575,6,4841.680574608892
logreg,0.9715277777777778,3.258435446810844e-05,8,29815.77489063499
rf,0.9683333333333334,9.664558985634457e-06,5,100194.25974560023
svm,0.975,5.411349954639555e-06,4,180176.85201897903
