{
  "timestamp": 1757225955.2567134,
  "train_time_sec": 2.348480701446533,
  "accuracy": 0.9694444444444444,
  "log_loss": 0.11594594513020415,
  "n_train": 1437,
  "n_test": 360,
  "model": "LogisticRegression",
  "notes": "fallback run (auto-triggered)",
  "emissions_kg": 1.8681622621766433e-05,
  "energy_kwh": 2.6185238333326e-05,
  "cc_duration_s": 2.3711431000047014
}