{
  "timestamp": 1757399975.516344,
  "train_time_sec": 3.3810830116271973,
  "accuracy": 0.9722222222222222,
  "log_loss": 0.10325913791275552,
  "n_train": 1437,
  "n_test": 360,
  "model": "LogisticRegression",
  "notes": "digits + CodeCarbon + MLflow",
  "emissions_kg": 2.68116613368244e-05,
  "energy_kwh": 3.75807688888421e-05,
  "cc_duration_s": 3.3899405999982264
}